old_url,new_url
https://www.martinbarna.cz/vetsina-lidi-ma-za-to-ze-po-30-letech-jde-mozek-z-kopce-realita-je-jinde-%f0%9f%91%87/,https://web.martinbarna.cz/clanky/vetsina-lidi-ma-za-to-ze-po-30-letech-jde-mozek-z-kopce-realita-je-jin.html
https://www.martinbarna.cz/%f0%9f%94%a5-precetl-jsem-vsechny-studie-o-elektrolytech-prumysl-lze/,https://web.martinbarna.cz/clanky/precetl-jsem-vsechny-studie-o-elektrolytech-prumysl-lze.html
https://www.martinbarna.cz/%f0%9f%94%a5-funkcni-trenink-vs-poctiva-sila-co-skutecne-funguje/,https://web.martinbarna.cz/clanky/funkcni-trenink-vs-poctiva-sila-co-skutecne-funguje.html
https://www.martinbarna.cz/%f0%9f%94%a5-rostliny-jsou-plne-jedu/,https://web.martinbarna.cz/clanky/rostliny-jsou-plne-jedu.html
https://www.martinbarna.cz/kvetnova-motivace/,https://web.martinbarna.cz/clanky/kvetnova-motivace.html
https://www.martinbarna.cz/toxiny-v-jidle-strach-versus-realita-aneb-8-nejcastejsich-toxinovych-obav-%f0%9f%a4%a6%e2%99%82%ef%b8%8f/,https://web.martinbarna.cz/clanky/toxiny-v-jidle-strach-versus-realita-aneb-8-nejcastejsich-toxinovych-o.html
https://www.martinbarna.cz/%f0%9f%92%8a-co-kdybych-musel-vybrat-jen-3-suplementy-ktere-se-opravdu-vyplati-vetsine-lidi/,https://web.martinbarna.cz/clanky/co-kdybych-musel-vybrat-jen-3-suplementy-ktere-se-opravdu-vyplati-vets.html
https://www.martinbarna.cz/posilovani-je-dobre-pro-vase-svaly-i-mozek/,https://web.martinbarna.cz/clanky/posilovani-je-dobre-pro-vase-svaly-i-mozek.html
https://www.martinbarna.cz/jsou-umela-sladidla-zlo-pro-tvoje-streva-%f0%9f%98%8f/,https://web.martinbarna.cz/clanky/jsou-umela-sladidla-zlo-pro-tvoje-streva.html
https://www.martinbarna.cz/je-citlivost-na-lepek-realna-nebo-jen-v-hlave-%f0%9f%98%8f/,https://web.martinbarna.cz/clanky/je-citlivost-na-lepek-realna-nebo-jen-v-hlave.html
https://www.martinbarna.cz/tehotne-zeny-netrapte-se-strachem-z-tezkych-cviku-dalsi-dil-serie-veda-vs-myty-v-treninku-%f0%9f%98%8a/,https://web.martinbarna.cz/clanky/tehotne-zeny-netrapte-se-strachem-z-tezkych-cviku-dalsi-dil-serie-veda.html
https://www.martinbarna.cz/meli-byste-pocitat-objem-treninku-jako-sety-nebo-reps-oboje-dalsi-dil-serie-veda-vs-myty-v-treninku/,https://web.martinbarna.cz/clanky/meli-byste-pocitat-objem-treninku-jako-sety-nebo-reps-oboje-dalsi-dil.html
https://www.martinbarna.cz/ultra-zpracovane-potraviny-studie/,https://web.martinbarna.cz/clanky/ultra-zpracovane-potraviny-studie.html
https://www.martinbarna.cz/maslo-a-kardiovaskularni-onemocneni/,https://web.martinbarna.cz/clanky/maslo-a-kardiovaskularni-onemocneni.html
https://www.martinbarna.cz/korelace-neni-kauzalita/,https://web.martinbarna.cz/clanky/korelace-neni-kauzalita.html
https://www.martinbarna.cz/silovy-trenink-zlepsuje-mozkove-funkce-studie/,https://web.martinbarna.cz/clanky/silovy-trenink-zlepsuje-mozkove-funkce-studie.html
https://www.martinbarna.cz/kolagen-na-slachy-a-klouby/,https://web.martinbarna.cz/clanky/kolagen-na-slachy-a-klouby.html
https://www.martinbarna.cz/nez-se-zacnes-bat-chemikalii-ujisti-se-ze-jsi-absolvoval-zakladni-kurz-chemie/,https://web.martinbarna.cz/clanky/je-cola-zero-horsi-nez-obycejna-cola.html
https://www.martinbarna.cz/protein-a-mortalita-mytus-vyvracen-dalsi-dil-serie-veda-vs-myty-ve-vyzive-2/,https://web.martinbarna.cz/clanky/nez-se-zacnes-bat-chemikalii-ujisti-se-ze-jsi-absolvoval-zakladni-kurz.html
https://www.martinbarna.cz/protein-a-mortalita-mytus-vyvracen-dalsi-dil-serie-veda-vs-myty-ve-vyzive/,https://web.martinbarna.cz/clanky/protein-a-mortalita-mytus-vyvracen-dalsi-dil-serie-veda-vs-myty-ve-vyz.html
https://www.martinbarna.cz/funguje-wobenzym/,https://web.martinbarna.cz/clanky/funguje-wobenzym.html
https://www.martinbarna.cz/stale-si-myslim-ze-kolagen-je-podvod-%f0%9f%91%80-%f0%9f%98%85/,https://web.martinbarna.cz/clanky/stale-si-myslim-ze-kolagen-je-podvod.html
https://www.martinbarna.cz/kreatin-nejen-pro-svaly-ale-i-pro-mozek/,https://web.martinbarna.cz/clanky/kreatin-nejen-pro-svaly-ale-i-pro-mozek.html
https://www.martinbarna.cz/spanek-vyziva-a-fitness-u-populace-40/,https://web.martinbarna.cz/clanky/spanek-vyziva-a-fitness-u-populace-40.html
https://www.martinbarna.cz/lide-nesnasi-odpovednost-a-vzdy-se-snazi-najit-obetniho-beranka/,https://web.martinbarna.cz/clanky/lide-nesnasi-odpovednost-a-vzdy-se-snazi-najit-obetniho-beranka.html
https://www.martinbarna.cz/jeden-z-vas-mi-poslal-tohle-video-s-dotazem-zda-je-to-pravda-a-mozna-i-jestli-teda-ma-fakt-jist-ryzi-z-lednice-aby-lepe-hubnul/,https://web.martinbarna.cz/clanky/jeden-z-vas-mi-poslal-tohle-video-s-dotazem-zda-je-to-pravda-a-mozna-i.html
https://www.martinbarna.cz/doporuceni-bisglycinatu-horciku-pro-vas-aktivni-zivotni-styl-2/,https://web.martinbarna.cz/clanky/doporuceni-bisglycinatu-horciku-pro-vas-aktivni-zivotni-styl.html
https://www.martinbarna.cz/kofein-a-jeho-bezpecna-konzumace/,https://web.martinbarna.cz/clanky/kofein-a-jeho-bezpecna-konzumace.html
https://www.martinbarna.cz/doporuceni-bisglycinatu-horciku-pro-vas-aktivni-zivotni-styl/,https://web.martinbarna.cz/clanky/doporuceni-bisglycinatu-horciku-pro-vas-aktivni-zivotni-styl-2.html
https://www.martinbarna.cz/planovani-jidel-pro-vytvoreni-kalorickeho-deficitu-klic-k-uspesnemu-hubnuti/,https://web.martinbarna.cz/clanky/planovani-jidel-pro-vytvoreni-kalorickeho-deficitu-klic-k-uspesnemu-hu.html
https://www.martinbarna.cz/e-book-nejcastejsi-dotazy-klientu-co-je-vic-cviceni-nebo-strava/,https://web.martinbarna.cz/clanky/e-book-nejcastejsi-dotazy-klientu-co-je-vic-cviceni-nebo-strava.html
https://www.martinbarna.cz/e-book-nejcastejsi-dotazy-klientu-pohybove-aktivity/,https://web.martinbarna.cz/clanky/e-book-nejcastejsi-dotazy-klientu-pohybove-aktivity.html
https://www.martinbarna.cz/e-book-nejcastejsi-dotazy-klientu-pravo-volby/,https://web.martinbarna.cz/clanky/e-book-nejcastejsi-dotazy-klientu-pravo-volby.html
https://www.martinbarna.cz/e-book-nejcastejsi-dotazy-klientu-spanek/,https://web.martinbarna.cz/clanky/e-book-nejcastejsi-dotazy-klientu-spanek.html
https://www.martinbarna.cz/e-book-nejcastejsi-dotazy-klientu-stres-sympatikus-a-parasympatikus/,https://web.martinbarna.cz/clanky/e-book-nejcastejsi-dotazy-klientu-stres-sympatikus-a-parasympatikus.html
https://www.martinbarna.cz/e-book-nejcastejsi-dotazy-klientu-prakticke-tipy-z-praxe/,https://web.martinbarna.cz/clanky/e-book-nejcastejsi-dotazy-klientu-prakticke-tipy-z-praxe.html
https://www.martinbarna.cz/e-book-nejcastejsi-dotazy-klientu-telo-jako-stroj/,https://web.martinbarna.cz/clanky/e-book-nejcastejsi-dotazy-klientu-telo-jako-stroj.html
https://www.martinbarna.cz/e-book-nejcastejsi-dotazy-klientu-zanety-a-stravovani-studie/,https://web.martinbarna.cz/clanky/e-book-nejcastejsi-dotazy-klientu-zanety-a-stravovani-studie.html
https://www.martinbarna.cz/e-book-nejcastejsi-dotazy-klientu-proc-vice-kcal-nemusi-vzdy-znamenat-ze-priberu-tuk/,https://web.martinbarna.cz/clanky/e-book-nejcastejsi-dotazy-klientu-proc-vice-kcal-nemusi-vzdy-znamenat.html
https://www.martinbarna.cz/e-book-nejcastejsi-dotazy-klientu-proc-telesna-vaha-kolisa-i-kdyz-hubnete/,https://web.martinbarna.cz/clanky/e-book-nejcastejsi-dotazy-klientu-proc-telesna-vaha-kolisa-i-kdyz-hubn.html
https://www.martinbarna.cz/e-book-nejcastejsi-dotazy-klientu-proc-hubnu-v-ruznych-fazich-zivota-na-ruznem-mnozstvi-kcal/,https://web.martinbarna.cz/clanky/e-book-nejcastejsi-dotazy-klientu-proc-hubnu-v-ruznych-fazich-zivota-n.html
https://www.martinbarna.cz/e-book-nejcastejsi-dotazy-klientu-suplementy-se-kterymi-se-muzete-setkat/,https://web.martinbarna.cz/clanky/e-book-nejcastejsi-dotazy-klientu-suplementy-se-kterymi-se-muzete-setk.html
https://www.martinbarna.cz/e-book-nejcastejsi-dotazy-klientu-studie-na-tema-diet-breaks-tedy-pauzy-od-diety-a-hubnuti/,https://web.martinbarna.cz/clanky/e-book-nejcastejsi-dotazy-klientu-studie-na-tema-diet-breaks-tedy-pauz.html
https://www.martinbarna.cz/e-book-nejcastejsi-dotazy-klientu-nabirani-tuku-na-bunecne-urovni/,https://web.martinbarna.cz/clanky/e-book-nejcastejsi-dotazy-klientu-nabirani-tuku-na-bunecne-urovni.html
https://www.martinbarna.cz/e-book-nejcastejsi-dotazy-klientu-ketogenni-dieta-a-sacharidy/,https://web.martinbarna.cz/clanky/e-book-nejcastejsi-dotazy-klientu-ketogenni-dieta-a-sacharidy.html
https://www.martinbarna.cz/e-book-nejcastejsi-dotazy-klientu-chute-a-hlad/,https://web.martinbarna.cz/clanky/e-book-nejcastejsi-dotazy-klientu-chute-a-hlad.html
https://www.martinbarna.cz/e-book-nejcastejsi-dotazy-klientu-maso-versus-proteinovy-prasek/,https://web.martinbarna.cz/clanky/e-book-nejcastejsi-dotazy-klientu-maso-versus-proteinovy-prasek.html
https://www.martinbarna.cz/e-book-nejcastejsi-dotazy-klientu-ovoce-vs-bebe-susenka-z-hlediska-cukru-sacharidu/,https://web.martinbarna.cz/clanky/e-book-nejcastejsi-dotazy-klientu-ovoce-vs-bebe-susenka-z-hlediska-cuk.html
https://www.martinbarna.cz/e-book-nejcastejsi-dotazy-klientu-alkohol-hubnuti-a-spolecenske-udalosti/,https://web.martinbarna.cz/clanky/e-book-nejcastejsi-dotazy-klientu-alkohol-hubnuti-a-spolecenske-udalos.html
https://www.martinbarna.cz/e-book-nejcastejsi-dotazy-klientu-analogie-hubnuti-na-auto-nakup-v-obchode/,https://web.martinbarna.cz/clanky/e-book-nejcastejsi-dotazy-klientu-analogie-hubnuti-na-auto-nakup-v-obc.html
